{"routers":{"test_coverage":{"name":"test_coverage","version":"2025-05-24T07:30:11","disableAuth":false},"test_framework":{"name":"test_framework","version":"2025-05-21T06:06:35","disableAuth":false},"test_migration":{"name":"test_migration","version":"2025-05-24T07:15:29","disableAuth":false},"test_documentation":{"name":"test_documentation","version":"2025-05-22T03:56:08","disableAuth":false},"company_cache":{"name":"company_cache","version":"2025-05-24T07:03:02","disableAuth":false},"test_validation":{"name":"test_validation","version":"2025-05-22T03:55:22","disableAuth":false},"munyiq_api":{"name":"munyiq_api","version":"2025-05-20T03:55:46","disableAuth":false},"fcm_api":{"name":"fcm_api","version":"2025-05-22T06:10:05","disableAuth":false},"auth_utils":{"name":"auth_utils","version":"2025-05-21T04:44:41","disableAuth":false},"munyiq":{"name":"munyiq","version":"2025-05-20T03:54:55","disableAuth":false},"fcm":{"name":"fcm","version":"2025-05-22T06:07:16","disableAuth":false},"stripe_api":{"name":"stripe_api","version":"2025-05-24T08:01:37","disableAuth":false},"db_utils":{"name":"db_utils","version":"2025-05-21T04:45:21","disableAuth":false},"leaderboard_api":{"name":"leaderboard_api","version":"2025-05-01T03:04:15","disableAuth":false},"test_runner":{"name":"test_runner","version":"2025-05-24T07:30:10","disableAuth":false},"testing":{"name":"testing","version":"2025-05-22T04:01:12","disableAuth":false},"admin_api":{"name":"admin_api","version":"2025-05-23T02:02:51","disableAuth":false},"sandbox_control":{"name":"sandbox_control","version":"2025-04-28T07:43:47","disableAuth":false},"admin_permissions_api":{"name":"admin_permissions_api","version":"2025-05-23T02:02:51","disableAuth":false},"test_storage_sql":{"name":"test_storage_sql","version":"2025-05-24T07:11:28","disableAuth":false},"validation":{"name":"validation","version":"2025-05-24T07:30:11","disableAuth":false},"test_troubleshooting":{"name":"test_troubleshooting","version":"2025-05-22T03:53:26","disableAuth":false},"test_runner_cli":{"name":"test_runner_cli","version":"2025-05-22T03:54:26","disableAuth":false},"migration_docs":{"name":"migration_docs","version":"2025-05-24T06:43:18","disableAuth":false},"results_api":{"name":"results_api","version":"2025-05-01T06:13:24","disableAuth":false},"admin_models":{"name":"admin_models","version":"2025-05-22T03:59:36","disableAuth":false},"stock_data":{"name":"stock_data","version":"2025-05-03T03:45:21","disableAuth":false},"scheduler":{"name":"scheduler","version":"2025-05-23T03:15:51","disableAuth":false},"predictions_api":{"name":"predictions_api","version":"2025-05-22T05:47:51","disableAuth":false},"game_generation":{"name":"game_generation","version":"2025-05-04T06:35:30","disableAuth":false},"company_discovery":{"name":"company_discovery","version":"2025-05-24T07:02:11","disableAuth":false},"company_cache_sql":{"name":"company_cache_sql","version":"2025-05-24T07:03:56","disableAuth":false},"production_checklist":{"name":"production_checklist","version":"2025-05-22T04:02:04","disableAuth":false},"admin_permissions":{"name":"admin_permissions","version":"2025-05-23T01:58:50","disableAuth":false},"beta_signup":{"name":"beta_signup","version":"2025-05-22T04:25:59","disableAuth":false},"test_stripe":{"name":"test_stripe","version":"2025-05-21T04:47:29","disableAuth":false},"test_auth":{"name":"test_auth","version":"2025-05-21T03:42:53","disableAuth":false},"test_storage":{"name":"test_storage","version":"2025-05-24T07:13:04","disableAuth":false},"test_feature_map":{"name":"test_feature_map","version":"2025-05-22T03:52:07","disableAuth":false},"analytics":{"name":"analytics","version":"2025-05-02T16:17:20","disableAuth":false},"test_plan":{"name":"test_plan","version":"2025-05-21T03:52:34","disableAuth":false},"toggle_task_active":{"name":"toggle_task_active","version":"2025-05-23T02:56:09","disableAuth":false},"cron":{"name":"cron","version":"2025-05-23T02:52:05","disableAuth":false},"test_utilities":{"name":"test_utilities","version":"2025-05-21T04:43:20","disableAuth":false},"test_report":{"name":"test_report","version":"2025-05-20T05:03:58","disableAuth":false},"sandbox_control_api":{"name":"sandbox_control_api","version":"2025-05-23T02:28:39","disableAuth":false},"documentation":{"name":"documentation","version":"2025-05-24T07:35:58","disableAuth":false}}}